{
	 "rootnode": {
		 "name": "RootNode"
		,"transformation": [
			 1
			,0
			,0
			,0
			,0
			,1
			,0
			,0
			,0
			,0
			,1
			,0
			,0
			,0
			,0
			,1
		]
		,"children": [
			{
				 "name": "Plane"
				,"transformation": [
					 261.315
					,0
					,0
					,0
					,0
					,-4.25737e-005
					,261.315
					,0
					,0
					,-261.315
					,-4.25737e-005
					,0
					,0
					,0
					,0
					,1
				]
				,"meshes": [
					 0
				]
			}
		]
	}
	,"flags": 8
	,"meshes": [
		{
			 "name": "Plane"
			,"materialindex": 0
			,"primitivetypes": 4
			,"vertices": [
				 -1
				,-1
				,0
				,-0.125542
				,-1.37073
				,0
				,-0.125542
				,0.62927
				,0
				,-1
				,1
				,0
				,-0.125542
				,0.62927
				,0
				,-0.125542
				,-1.37073
				,0
				,0.666453
				,-0.967703
				,0
				,0.666453
				,1.0323
				,0
				,0.666453
				,1.0323
				,0
				,0.666453
				,-0.967703
				,0
				,1.52406
				,-1.91903
				,0
				,1.52406
				,0.0809653
				,0
				,1.52406
				,0.0809653
				,0
				,1.52406
				,-1.91903
				,0
				,2.27387
				,-1.10829
				,0
				,2.27387
				,0.891706
				,0
			]
			,"normals": [
				 0
				,0
				,1
				,0
				,0
				,1
				,0
				,0
				,1
				,0
				,0
				,1
				,0
				,0
				,1
				,0
				,0
				,1
				,0
				,0
				,1
				,0
				,0
				,1
				,0
				,0
				,1
				,0
				,0
				,1
				,0
				,0
				,1
				,0
				,0
				,1
				,0
				,0
				,1
				,0
				,0
				,1
				,0
				,0
				,1
				,0
				,0
				,1
			]
			,"tangents": [
				 0.920677
				,-0.390325
				,0
				,0.920677
				,-0.390325
				,0
				,0.920677
				,-0.390325
				,0
				,0.920677
				,-0.390325
				,0
				,-0.891241
				,-0.453531
				,0
				,-0.891241
				,-0.453531
				,0
				,-0.891241
				,-0.453531
				,0
				,-0.891241
				,-0.453531
				,0
				,-0.669571
				,0.742748
				,0
				,-0.669571
				,0.742748
				,0
				,-0.669571
				,0.742748
				,0
				,-0.669571
				,0.742748
				,0
				,-0.678985
				,-0.734152
				,0
				,-0.678985
				,-0.734152
				,0
				,-0.678985
				,-0.734152
				,0
				,-0.678985
				,-0.734152
				,0
			]
			,"bitangents": [
				 0
				,-1
				,0
				,0
				,-1
				,0
				,0
				,-1
				,0
				,0
				,-1
				,0
				,"NaN"
				,"NaN"
				,"NaN"
				,"NaN"
				,"NaN"
				,"NaN"
				,"NaN"
				,"NaN"
				,"NaN"
				,"NaN"
				,"NaN"
				,"NaN"
				,"NaN"
				,"NaN"
				,"NaN"
				,"NaN"
				,"NaN"
				,"NaN"
				,"NaN"
				,"NaN"
				,"NaN"
				,"NaN"
				,"NaN"
				,"NaN"
				,"NaN"
				,"NaN"
				,"NaN"
				,"NaN"
				,"NaN"
				,"NaN"
				,"NaN"
				,"NaN"
				,"NaN"
				,"NaN"
				,"NaN"
				,"NaN"
			]
			,"numuvcomponents": [
				 2
			]
			,"texturecoords": [
				[
					 0
					,0
					,1
					,0
					,1
					,1
					,0
					,1
					,1
					,1
					,1
					,0
					,1
					,0
					,1
					,1
					,1
					,1
					,1
					,0
					,1
					,0
					,1
					,1
					,1
					,1
					,1
					,0
					,1
					,0
					,1
					,1
				]
			]
			,"faces": [
				[
					 0
					,1
					,2
				]
				,[
					 0
					,2
					,3
				]
				,[
					 4
					,5
					,6
				]
				,[
					 4
					,6
					,7
				]
				,[
					 8
					,9
					,10
				]
				,[
					 8
					,10
					,11
				]
				,[
					 12
					,13
					,14
				]
				,[
					 12
					,14
					,15
				]
			]
		}
	]
	,"materials": [
		{
			 "properties": [
				{
					 "key": "?mat.name"
					,"semantic": 0
					,"index": 0
					,"type": 3
					,"value": "Material.003"
				}
				,{
					 "key": "$clr.diffuse"
					,"semantic": 0
					,"index": 0
					,"type": 1
					,"value": [
						 0.8
						,0.8
						,0.8
					]
				}
				,{
					 "key": "$clr.ambient"
					,"semantic": 0
					,"index": 0
					,"type": 1
					,"value": [
						 0
						,0
						,0
					]
				}
				,{
					 "key": "$clr.specular"
					,"semantic": 0
					,"index": 0
					,"type": 1
					,"value": [
						 0.2
						,0.2
						,0.2
					]
				}
				,{
					 "key": "$mat.shinpercent"
					,"semantic": 0
					,"index": 0
					,"type": 1
					,"value": 25
				}
				,{
					 "key": "$mat.shininess"
					,"semantic": 0
					,"index": 0
					,"type": 1
					,"value": 25
				}
				,{
					 "key": "$tex.file"
					,"semantic": 1
					,"index": 0
					,"type": 3
					,"value": "D:\\software\\CATS\\pages\\img\\Banner.png"
				}
				,{
					 "key": "$tex.uvtrafo"
					,"semantic": 1
					,"index": 0
					,"type": 1
					,"value": [
						 0
						,0
						,1
						,1
						,0
					]
				}
				,{
					 "key": "$tex.uvwsrc"
					,"semantic": 1
					,"index": 0
					,"type": 4
					,"value": 0
				}
			]
		}
	]
}
